aa@bitsmart.com=aa
mavegaart@csstelecom.nl=M.H. Avegaart
support@jazarsoft.cjb.net=James Azarja
jackb@europdonor.nl=Jack N.A. Bakker
bebekis@otenet.gr=Theo Bebekis
johannes.berg@gmx.net=Johannes Berg
bernhardberger@yahoo.de=Bernhard Berger
marcelb@zeelandnet.nl=Marcel Bestebroer
Jack.Bombeeck@Onstream.com=Jack Bombeeck
helebor@wr.com.au=Helen Borrie
SterlingButts@Bigfoot.com=Sterling Butts
azret@attglobal.net=Azret Botash
brakelm@bart.nl=Marcel van Brakel
david@e.co.za=David Butler
ccalvert@inprise.com=Charlie Calvert
pcisar@atlas.cz=Pavel Cisar
carl@caztec.co.za=Carl Clark
jones-jr@skynet.be=Wim De Cleen
oracle@bmts.com=Bryan Coutch
jud.mccranie@mindspring.com=Jud McCranie
Cybertron_549672@yahoo.com=Cybertron_549672
edgar@ccis.adisys.com.au=Malcolm Edgar
sahfs@iafrica.com=Corrie Engelbrecht
j.ferraro@netcourrier.com=Julien Ferraro
sfillon@ifrance.com=Stephane Fillon
freter@gmx.net=Peter Friese
gallaghe@teleport.com=Kevin Gallagher
nissl@dada.it=Massimo Maria Ghisalberti
EarlGlynn@att.net=Earl F. Glynn
ygolan@netvision.net.il=Yaniv Golan
PeterJHaas@t-online.de=Peter J. Haas
MHamilton@bunge.com.au=Matt Hamilton
HBender@Ergonomics.ch=Bender Heri
dhervieux@Pirel.com=David Hervieux
dewaldh@emsoft.co.za=Dewald Hess
nhodges@icss.net=Nick Hodges
deian@datecs.bg=Deian Ivanov
Jakobsche@addcom.de=Andreas Jakobsche
ajohnson@rpi.net.au=Angus Johnson
ralfjunker@gmx.de=Ralf Junker
lloydk@iname.com=Lloyd Kinsella
stefan_kirschner@01019freenet.de=Stefan Kirschner
alexk@mtgroup.ru=Alex Konshin
rhlee@nwu.edu=Robert Lee
lasse@cintra.no=Lasse Vågsæther Karlsen
DonLuigi@gmx.net=Marco Klemm
pelle.liljendal@firstconcern.com=Pelle Liljendal
m.lischke@digitalpublishing.de=Mike Lischke
alanglloyd@aol.com=Alan Lloyd
lucjanl@usa.net=Lucjan Lukasik
fmcmp02@kc.kzn.school.za=Peter McMahon
rmaley@fenix2.dol-esa.gov=Dick Maley (Advanced Delphi Systems)
robert_marquardt@gmx.de=Robert Marquardt
robmarsh@koit.fanz.net=Robert R. Marsh
dj@sguft.com=Daniel Møller
jaymol@hotmail.com=John C Molyneux
ravnvt@chat.ru=Alexander Radchenko
anthony@southeaster.com=SouthEaster
cenon@mail.com=Cenon Del Rosario
Robert.Rossmair@t-online.de=Robert Rossmair
marius@caddie.co.za=Marius le Roux
michrynn@ozemail.com.au=Michael Rynn
mschnell@bschnell.de=Michael Schnell
liran_shahar@hotmail.com=Liran Shahar
asteele@iafrica.com=Anthony Steele
dylan@intelnet.net.gt=Dylan Thomas
easyman@ms2.seeder.net=Michael Tsai
hallvard.vassbotn@c2i.net=Hallvard Vassbotn
rvelthuis@gmx.de=Rudy Velthuis
petr.v@mujmail.cz=Petr Vones
wieczor@polbox.com=Marcin Wieczorek
ftfarias@dialdata.com.br=Felipe de Toledo Farias
tim@things.demon.co.uk=Tim Yates
